timestamp,mq2,mq135,mq7,sound,flame,temperature,humidity,liquid,vibration,tilt,risk_score,hazard_level
2026-02-26 22:41:00,27.35,337.0,34.43,50.93,1,23.1,79.4,3.48,0,1.09,19.02071152883017,Safe
2026-02-26 22:41:00,33.94,402.69,42.74,52.98,1,23.2,79.3,6.62,0,1.29,23.31555178807843,Safe
2026-02-26 22:41:00,32.48,410.26,46.89,52.98,1,23.2,79.0,5.16,0,1.38,24.008395834228338,Safe
2026-02-26 22:41:00,31.99,405.86,46.89,50.58,1,23.2,79.4,5.25,0,0.73,23.74785914991728,Safe
2026-02-26 22:41:00,35.16,402.2,47.62,50.17,1,23.2,79.5,5.68,0,1.06,23.977679514382142,Safe
2026-02-26 22:41:00,38.83,394.87,47.62,52.72,1,23.3,79.6,5.16,9604,1.07,24.2694887533603,Safe
2026-02-26 22:41:00,36.39,392.19,46.89,51.96,1,23.3,79.2,5.25,105589,0.72,25.547864886372206,Safe
2026-02-26 22:41:00,31.26,392.19,46.64,52.04,1,23.3,78.7,5.25,0,1.19,23.614439003806073,Safe
2026-02-26 22:41:00,10.01,371.18,41.27,47.09,1,23.3,78.9,5.13,0,1.41,21.32905655246628,Safe
2026-02-26 22:41:00,33.21,383.64,46.4,51.25,1,23.3,78.5,5.08,0,1.11,23.349406939574273,Safe
2026-02-26 22:42:00,23.69,365.81,39.07,47.27,1,23.3,77.9,4.54,0,1.18,21.21525328182128,Safe
2026-02-26 22:42:00,35.41,349.21,45.67,53.45,1,23.3,77.5,7.99,887643,1.35,37.62011436480966,Safe
2026-02-26 22:42:00,35.9,347.01,45.18,51.78,1,23.2,77.6,7.99,887098,1.18,37.17448497421358,Safe
2026-02-26 22:42:00,25.64,335.53,38.34,48.5,1,23.2,77.5,3.79,851861,1.19,34.26240129492782,Safe
2026-02-26 22:42:00,595.36,1000.0,137.48,46.1,1,23.2,77.6,4.13,627942,1.21,88.45299110412115,Critical
2026-02-26 22:42:00,277.41,739.19,120.63,52.51,1,23.2,77.5,4.41,259805,1.21,59.51087747589349,Warning
2026-02-26 22:42:00,175.82,776.07,116.24,51.87,1,23.2,77.4,5.68,351762,0.94,57.793709521474476,Warning
2026-02-26 22:42:00,169.47,633.46,104.27,52.31,1,23.1,77.5,7.03,5609,1.13,45.26321545086754,Warning
2026-02-26 22:42:00,151.89,626.86,96.95,51.66,1,23.1,77.5,3.98,0,1.01,42.760962353582634,Warning
2026-02-26 22:42:00,177.53,591.45,94.99,52.34,1,23.1,77.5,3.64,0,1.32,42.324171590292956,Warning
2026-02-26 22:42:00,160.2,528.69,84.49,47.68,1,23.0,77.5,4.06,0,1.13,37.777387079993865,Safe
2026-02-26 22:42:00,163.61,520.15,88.64,52.98,1,23.0,77.5,4.39,0,-4.67,37.31049327583413,Safe
2026-02-26 22:43:00,140.9,514.53,83.52,52.51,1,23.0,77.7,4.05,0,6.58,37.42394015642462,Safe
2026-02-26 22:43:00,130.65,488.16,74.73,47.27,1,23.0,77.8,4.46,0,14.42,36.25269559459524,Safe
2026-02-26 22:43:00,138.22,466.67,73.26,47.36,1,23.0,77.7,4.05,0,23.47,37.19391655671823,Safe
2026-02-26 22:43:00,116.73,460.56,78.14,52.95,1,22.9,77.8,4.06,0,1.22,32.74693908618003,Safe
2026-02-26 22:43:00,119.41,452.26,74.73,52.48,1,22.9,77.8,4.06,0,1.83,32.15233008493807,Safe
2026-02-26 22:43:00,103.3,451.28,74.48,53.07,1,22.9,77.9,4.41,0,1.53,31.46373377891807,Safe
2026-02-26 22:43:00,105.98,441.27,73.5,52.86,1,22.9,78.4,4.06,0,1.39,31.031020592015647,Safe
2026-02-26 22:43:00,106.23,441.51,70.57,52.89,1,22.9,78.6,4.49,0,1.86,30.71223214357433,Safe
2026-02-26 22:43:00,100.37,433.94,69.11,53.01,1,22.9,78.7,4.06,0,1.61,29.92929488429802,Safe
2026-02-26 22:43:00,103.3,425.89,67.89,52.25,1,22.8,78.7,7.99,0,1.38,29.726040042998026,Safe
2026-02-26 22:43:00,85.23,429.3,66.67,52.37,1,22.8,78.7,7.99,0,1.75,29.024275323529253,Safe
2026-02-26 22:43:00,98.17,421.25,66.18,52.13,1,22.8,78.7,7.99,0,1.47,29.131513263070772,Safe
2026-02-26 22:43:00,95.97,417.83,65.93,51.9,1,22.8,78.6,7.99,0,1.65,28.934441001755847,Safe
2026-02-26 22:43:00,88.89,410.74,64.22,52.78,1,22.8,78.6,7.99,0,1.93,28.224177980381214,Safe
2026-02-26 22:44:00,83.76,406.35,62.76,51.99,1,22.8,78.5,7.99,0,1.62,27.606335553154903,Safe
2026-02-26 22:44:00,84.25,403.17,63.74,53.19,1,22.7,78.4,7.99,0,1.41,27.3673552384813,Safe
2026-02-26 22:44:00,69.11,384.86,55.19,46.8,1,22.7,78.5,7.99,0,1.67,24.90786706831354,Safe
2026-02-26 22:44:00,78.88,391.94,58.36,51.96,1,22.7,78.7,7.99,0,1.65,25.998488457831087,Safe
2026-02-26 22:44:00,72.04,394.63,57.88,51.6,1,22.6,78.7,7.99,0,1.33,25.413976893953304,Safe
2026-02-26 22:44:00,70.33,386.57,57.39,52.78,1,22.6,78.7,7.99,0,1.56,25.061371661459347,Safe
2026-02-26 22:44:00,71.31,382.66,54.46,51.78,1,22.5,78.8,7.99,0,1.67,24.249715159830785,Safe
2026-02-26 22:45:00,73.99,384.62,54.7,52.25,1,22.5,79.0,7.99,0,1.61,24.439086377083846,Safe
2026-02-26 22:45:00,67.16,384.13,55.19,52.98,1,22.5,79.4,7.99,0,1.16,24.16574029067835,Safe
2026-02-26 22:45:00,66.42,388.28,54.21,50.81,1,22.4,79.6,7.99,0,1.31,23.859311674394846,Safe
2026-02-26 22:45:00,55.68,425.89,49.57,48.03,1,22.4,79.6,7.99,0,1.29,23.88129034954301,Safe
2026-02-26 22:45:00,70.33,444.44,54.21,53.25,1,22.4,79.6,7.99,0,1.14,25.724182877034274,Safe
2026-02-26 22:45:00,50.79,437.12,46.89,48.26,1,22.3,79.8,7.99,0,1.49,23.376468884422575,Safe
2026-02-26 22:45:00,62.76,457.14,51.53,53.04,1,22.3,80.0,7.99,0,1.22,25.143158334134796,Safe
2026-02-26 22:45:00,64.96,458.36,50.79,52.69,1,22.3,80.1,7.99,0,1.07,25.11877418723825,Safe
2026-02-26 22:45:00,59.83,462.52,50.79,52.72,1,22.3,80.3,7.99,0,1.57,25.144468898022854,Safe
2026-02-26 22:46:00,55.43,460.32,50.31,53.51,1,22.2,80.4,7.99,0,1.92,24.618409706518236,Safe
2026-02-26 22:46:00,57.14,459.83,50.31,52.81,1,22.2,80.5,7.99,0,1.57,24.60518257148003,Safe
2026-02-26 22:46:00,51.04,445.42,43.71,47.47,1,22.2,80.6,7.99,0,1.32,22.82776633930378,Safe
2026-02-26 22:46:00,54.21,448.84,43.71,48.67,1,22.2,80.7,7.99,0,1.51,23.0870325170349,Safe
2026-02-26 22:46:00,47.86,448.6,42.98,47.85,1,22.2,80.6,7.99,0,1.39,22.703051038277803,Safe
2026-02-26 22:46:00,50.79,448.6,42.74,48.29,1,22.1,80.5,7.99,0,1.6,22.53424061414385,Safe
2026-02-26 22:46:00,50.79,468.86,48.11,53.3,1,22.2,80.5,7.99,0,1.44,24.272943078812506,Safe
2026-02-26 22:46:00,50.31,470.09,48.11,53.01,1,22.1,80.6,7.99,0,1.11,23.956794070203824,Safe
2026-02-26 22:46:00,57.14,468.62,47.62,52.72,1,22.1,80.6,7.99,0,1.34,24.130035630563974,Safe
2026-02-26 22:46:00,50.79,446.89,42.49,48.7,1,22.1,80.7,7.99,0,1.33,22.39305924235001,Safe
2026-02-26 22:47:00,34.19,467.16,48.6,53.42,1,22.1,80.8,7.99,0,1.71,23.44519203166188,Safe
2026-02-26 22:47:00,55.19,464.71,48.11,53.04,1,22.1,80.7,7.99,0,1.54,24.048978067318647,Safe
2026-02-26 22:47:00,50.79,460.81,47.62,52.95,1,22.1,80.7,7.99,0,0.93,23.57560142126525,Safe
2026-02-26 22:47:00,54.7,465.69,46.89,53.42,1,22.1,80.7,7.99,0,0.9,23.752288523883248,Safe
2026-02-26 22:47:00,38.34,463.74,47.62,53.1,1,22.0,80.8,7.99,0,1.38,23.00145729929144,Safe
2026-02-26 22:47:00,40.54,462.03,47.13,53.95,1,22.0,80.9,7.99,0,1.15,22.911623540551336,Safe
2026-02-26 22:47:00,51.28,466.42,45.42,53.16,1,22.0,80.9,7.99,0,1.23,23.19238612533398,Safe
2026-02-26 22:47:00,47.13,464.96,46.15,53.01,1,22.0,81.1,7.99,0,1.58,23.17000855044376,Safe
2026-02-26 22:47:00,50.79,464.47,45.18,53.27,1,22.0,81.2,6.52,0,1.28,22.91508329758014,Safe
2026-02-26 22:47:00,30.04,464.71,45.42,52.98,1,22.0,81.2,6.52,0,1.06,22.14261729434781,Safe
2026-02-26 22:47:00,50.55,458.85,45.42,52.95,0,22.0,81.4,6.52,0,1.19,12.753506187727673,Safe
2026-02-26 22:47:00,55.19,465.2,45.67,53.48,0,22.0,81.3,6.09,0,1.96,13.252866867273571,Safe
2026-02-26 22:48:00,50.79,465.69,44.69,53.04,0,21.9,81.4,6.52,0,1.36,12.611147178561637,Safe
2026-02-26 22:48:00,49.57,461.78,43.71,53.16,0,21.9,81.5,6.52,0,1.13,12.246045803467187,Safe
2026-02-26 22:48:00,48.6,464.96,45.18,52.98,0,21.9,81.7,6.14,0,0.89,12.457410501779277,Safe
2026-02-26 22:48:00,48.6,465.69,43.71,53.63,1,22.0,81.8,6.52,0,1.01,22.587792520505243,Safe
2026-02-26 22:48:00,45.67,463.74,43.47,52.63,1,22.0,81.8,6.52,0,1.58,22.47996270853181,Safe
2026-02-26 22:48:00,31.75,464.96,43.71,53.42,1,22.0,81.8,6.52,0,0.97,21.9251938742426,Safe
2026-02-26 22:48:00,38.34,444.2,37.61,48.29,1,22.0,81.9,6.14,0,1.24,20.555384475488506,Safe
2026-02-26 22:48:00,51.04,459.58,44.44,52.98,1,22.0,82.2,6.52,0,1.27,22.652143961187235,Safe
2026-02-26 22:48:00,50.06,456.41,43.71,52.98,1,22.0,82.1,6.52,0,0.85,22.325306637111396,Safe
2026-02-26 22:48:00,45.91,456.9,43.96,53.63,1,21.9,81.9,6.52,0,1.36,22.03753128936915,Safe
2026-02-26 22:49:00,37.85,433.7,36.63,47.74,1,21.9,81.7,6.57,0,1.66,19.899617670663375,Safe
2026-02-26 22:49:00,42.49,460.32,44.2,54.59,1,21.9,82.1,6.17,0,1.11,21.969351025316726,Safe
2026-02-26 22:49:00,35.41,442.0,37.12,48.15,1,21.9,82.3,6.57,0,1.1,20.045214043747084,Safe
2026-02-26 22:49:00,43.96,461.54,43.22,53.01,1,21.9,82.3,6.17,0,1.25,21.930705202517508,Safe
2026-02-26 22:49:00,40.54,460.81,43.22,51.69,1,21.9,82.2,5.83,2551,1.4,21.8102898726287,Safe
2026-02-26 22:49:00,35.16,463.49,43.47,53.92,1,22.0,82.1,6.77,0,1.32,22.0599932121883,Safe
2026-02-26 22:49:00,45.42,464.71,43.71,52.98,1,22.0,82.1,5.42,0,1.4,22.38092018775493,Safe
2026-02-26 22:49:00,40.29,457.14,43.71,53.48,1,22.0,82.3,5.42,0,1.29,21.933076573636992,Safe
2026-02-26 22:49:00,47.62,465.69,43.71,53.39,1,22.0,82.4,5.42,0,1.47,22.506481544275406,Safe
2026-02-26 22:49:00,46.89,460.56,44.2,52.04,1,22.0,82.2,5.42,0,1.49,22.40127732968371,Safe
2026-02-26 22:50:00,37.61,441.51,35.65,48.44,1,22.0,81.9,5.04,0,1.18,19.99392260555832,Safe
2026-02-26 22:50:00,38.83,459.34,42.98,52.22,1,22.0,81.8,5.33,0,1.38,21.83566981825068,Safe
2026-02-26 22:50:00,39.32,438.83,35.16,48.0,1,22.0,81.7,5.04,0,1.34,19.9247884592269,Safe
2026-02-26 22:50:00,39.8,462.27,42.25,53.13,1,22.1,84.1,5.42,0,1.21,22.104479537159587,Safe
2026-02-26 22:50:00,42.98,463.25,41.27,52.98,1,22.1,83.5,5.33,0,1.58,22.153116160964366,Safe
2026-02-26 22:50:00,50.79,360.93,39.56,52.95,1,22.2,82.1,8.28,868915,1.58,34.28764177955413,Safe
2026-02-26 22:50:00,51.04,354.82,39.32,52.45,1,22.2,81.6,7.96,868930,1.56,34.02842575552288,Safe
2026-02-26 22:51:00,46.64,352.38,39.8,53.33,1,22.2,81.4,7.96,874470,1.36,33.92207075454851,Safe
2026-02-26 22:51:00,42.74,351.89,39.56,52.57,1,22.2,81.3,7.96,0,1.56,18.980127685291574,Safe
2026-02-26 22:51:00,43.71,355.31,41.51,52.95,1,22.2,81.4,7.96,0,1.61,19.443707814479808,Safe
2026-02-26 22:51:00,45.67,351.4,41.51,53.22,1,22.2,81.9,7.96,0,1.49,19.374272338295683,Safe
2026-02-26 22:51:00,39.07,331.87,35.65,48.32,1,22.2,82.4,7.99,0,1.76,17.632859991921585,Safe
2026-02-26 22:51:00,40.78,347.99,42.0,52.42,1,22.2,82.5,7.96,0,1.56,19.175275274836956,Safe
2026-02-26 22:51:00,38.83,330.89,35.16,48.82,1,22.2,82.5,8.01,0,1.69,17.50484643443681,Safe
2026-02-26 22:51:00,44.44,343.1,42.98,52.13,1,22.2,82.5,7.96,0,1.51,19.308312930587498,Safe
2026-02-26 22:51:00,24.91,342.12,41.76,52.57,1,22.2,82.4,7.99,0,1.81,18.40606664542308,Safe
2026-02-26 22:51:00,32.48,327.47,35.9,47.91,1,22.2,82.3,7.99,0,1.69,17.275952799948037,Safe
2026-02-26 22:51:00,40.54,336.26,40.54,52.48,1,22.2,82.4,7.96,0,1.21,18.505467094458854,Safe
2026-02-26 22:51:00,41.76,341.15,41.27,52.34,1,22.2,82.5,7.96,0,1.09,18.79891141977628,Safe
2026-02-26 22:52:00,38.83,335.53,39.8,51.84,1,22.2,82.4,8.33,0,1.61,18.413737396911113,Safe
2026-02-26 22:52:00,42.49,332.11,39.07,51.58,1,22.2,82.8,7.96,0,1.62,18.287303207686207,Safe
2026-02-26 22:52:00,47.62,335.29,39.56,52.13,1,22.2,82.8,7.96,0,1.59,18.651962950629468,Safe
2026-02-26 22:52:00,42.98,334.8,40.54,52.07,1,22.2,82.9,7.96,0,1.48,18.59962122181083,Safe
2026-02-26 22:52:00,42.98,336.26,39.8,52.66,1,22.2,82.8,7.96,0,1.3,18.494761304725216,Safe
2026-02-26 22:52:00,38.34,333.82,40.54,50.93,1,22.2,82.2,7.96,0,1.02,18.31313437627263,Safe
2026-02-26 22:52:00,35.41,321.12,35.16,46.97,1,22.2,82.0,7.99,0,1.05,16.956265578466816,Safe
2026-02-26 22:52:00,42.98,336.26,42.49,51.78,1,22.2,81.6,7.96,0,1.04,18.878696083300014,Safe
2026-02-26 22:52:00,32.48,339.19,41.51,51.58,1,22.2,81.4,7.96,0,1.61,18.5201773896699,Safe
2026-02-26 22:52:00,41.27,335.53,42.25,51.96,1,22.2,81.5,7.96,0,1.51,18.836890792643047,Safe
2026-02-26 22:52:00,43.96,336.26,41.27,51.9,1,22.1,81.5,7.96,0,1.36,18.499500109256907,Safe
2026-02-26 22:52:00,35.41,336.26,41.76,52.19,1,22.1,81.4,7.96,0,1.16,18.221237327384507,Safe
2026-02-26 22:53:00,43.96,335.29,41.27,51.72,1,22.1,81.3,7.96,0,1.66,18.52260917903142,Safe
2026-02-26 22:53:00,35.9,334.8,42.0,51.9,1,22.1,81.2,7.96,0,1.61,18.312522333521557,Safe
2026-02-26 22:53:00,50.06,337.0,41.76,52.22,1,22.1,81.1,7.96,0,1.12,18.787316215789463,Safe
2026-02-26 22:53:00,36.63,324.3,35.65,46.92,1,22.1,81.1,7.96,0,1.44,16.96749951057431,Safe
2026-02-26 22:53:00,42.98,335.78,40.54,52.42,1,22.1,81.2,7.96,0,1.4,18.338135934489983,Safe
2026-02-26 22:53:00,38.1,319.66,35.16,46.95,1,22.1,81.3,7.96,0,1.52,16.814123760374862,Safe
2026-02-26 22:53:00,22.71,333.09,41.51,52.07,1,22.1,81.4,7.96,0,1.28,17.62698090432004,Safe
2026-02-26 22:53:00,36.63,316.48,35.16,46.89,1,22.0,81.5,7.99,0,1.69,16.415799779518338,Safe
2026-02-26 22:53:00,29.55,321.86,41.03,51.6,1,22.0,81.4,7.96,0,1.16,17.158404040064184,Safe
2026-02-26 22:53:00,43.47,326.98,41.27,51.55,1,22.1,81.3,7.96,0,1.64,18.24196656663477,Safe
2026-02-26 22:53:00,42.49,330.65,41.76,52.04,1,22.0,81.4,7.96,0,1.47,18.089778162145603,Safe
2026-02-26 22:53:00,34.68,321.12,41.03,52.04,1,22.0,81.3,7.96,0,1.56,17.399087704552866,Safe
2026-02-26 22:54:00,22.47,333.82,42.25,51.66,1,22.0,81.3,7.96,0,1.43,17.507893953577437,Safe
2026-02-26 22:54:00,36.87,332.6,41.27,51.14,1,22.0,82.3,7.96,0,1.59,17.88240445651617,Safe
2026-02-26 22:54:00,42.0,332.11,41.76,52.04,1,22.0,83.1,7.96,0,1.43,18.109719313069544,Safe
2026-02-26 22:54:00,38.1,332.84,42.0,51.87,1,22.0,82.9,7.96,0,1.13,17.97105886022537,Safe
2026-02-26 22:54:00,39.07,332.36,40.54,52.95,1,22.0,82.4,7.96,0,1.52,17.82838455571817,Safe
2026-02-26 22:54:00,27.35,332.6,40.54,51.05,1,22.0,82.1,7.96,0,1.42,17.37796721929228,Safe
2026-02-26 22:54:00,34.43,328.94,42.0,51.84,1,22.0,81.9,8.37,0,1.04,17.742896580477527,Safe
2026-02-26 22:54:00,44.44,332.11,40.54,52.22,1,22.0,81.7,8.37,0,1.09,17.99291190735727,Safe
2026-02-26 22:54:00,40.05,320.15,35.16,47.56,1,22.0,81.5,7.99,0,1.74,16.667360995741458,Safe
2026-02-26 22:54:00,36.39,330.89,40.78,52.42,1,22.0,81.8,7.96,0,1.14,17.652838621340774,Safe
2026-02-26 22:55:00,42.74,333.58,40.78,52.04,1,22.0,81.9,7.96,0,1.7,18.074541085246025,Safe
2026-02-26 22:55:00,41.27,329.67,42.49,51.49,1,22.0,81.7,7.96,0,1.57,18.147952144719827,Safe
2026-02-26 22:55:00,35.16,321.12,35.16,48.59,1,22.0,81.7,7.96,0,1.37,16.44473735912967,Safe
2026-02-26 22:55:00,43.22,332.11,40.54,52.04,1,22.0,81.8,7.96,0,1.56,17.983554043951695,Safe
2026-02-26 22:55:00,38.83,329.91,40.78,55.38,1,22.0,81.8,7.96,0,1.49,17.776149658281096,Safe
2026-02-26 22:55:00,41.03,327.23,41.51,51.84,1,21.9,81.9,7.96,0,1.21,17.564536754560308,Safe
2026-02-26 22:55:00,39.07,324.54,40.05,52.51,1,22.0,82.0,7.96,0,1.35,17.47639273753344,Safe
2026-02-26 22:55:00,33.7,326.01,41.27,51.19,1,22.0,82.2,8.37,0,1.26,17.546635748166157,Safe
2026-02-26 22:56:00,45.18,325.27,39.32,52.04,1,22.0,82.0,8.39,0,1.3,17.652303886477,Safe
2026-02-26 22:56:00,40.54,329.43,40.78,51.52,1,21.9,81.9,7.99,0,1.74,17.59550885006292,Safe
2026-02-26 22:56:00,39.8,319.17,39.8,51.49,1,21.9,81.8,8.37,0,1.29,17.05528017459509,Safe
2026-02-26 22:56:00,42.98,325.76,40.78,51.78,1,21.9,82.0,8.37,0,1.57,17.586297080526013,Safe
2026-02-26 22:56:00,41.51,324.54,40.05,52.66,1,21.9,82.0,8.39,0,1.42,17.352031540152204,Safe
2026-02-26 22:56:00,41.76,324.54,40.78,51.63,1,21.9,82.1,7.96,0,1.44,17.43235114322683,Safe
2026-02-26 22:56:00,45.42,326.5,40.54,52.42,1,21.9,82.1,7.99,0,1.3,17.57100033274806,Safe
2026-02-26 22:56:00,35.16,311.36,35.16,47.03,1,21.9,82.1,7.99,0,1.27,15.8488081529063,Safe
2026-02-26 22:56:00,36.87,326.01,41.76,50.81,1,21.8,82.1,8.37,0,1.53,17.236448596414554,Safe
2026-02-26 22:57:00,36.87,323.08,41.27,51.58,1,21.8,82.2,8.37,0,1.26,17.01891283730507,Safe
2026-02-26 22:57:00,21.73,328.45,41.27,52.31,1,21.8,82.1,7.96,0,0.75,16.479855666231856,Safe
2026-02-26 22:57:00,30.77,324.54,40.78,51.11,1,21.8,82.1,8.39,0,1.39,16.782332329438844,Safe
2026-02-26 22:57:00,35.65,325.52,41.27,52.01,1,21.8,82.2,8.37,0,1.52,17.095252395523016,Safe
2026-02-26 22:57:00,34.92,326.98,39.8,51.99,1,21.8,82.1,8.45,0,1.8,16.93716699801115,Safe
2026-02-26 22:57:00,34.92,327.96,41.03,51.96,1,21.8,82.2,8.39,0,1.78,17.153912093621006,Safe
2026-02-26 22:57:00,40.29,327.23,40.78,51.9,1,21.8,82.2,8.39,0,1.17,17.18448478485666,Safe
2026-02-26 22:57:00,40.29,318.93,40.29,52.04,1,21.8,82.5,8.45,0,1.69,16.947037975951375,Safe
2026-02-26 22:57:00,37.85,328.21,39.8,52.69,1,21.8,82.6,8.47,0,1.41,17.018485560952108,Safe
2026-02-26 22:57:00,42.25,327.47,41.27,52.81,1,21.8,82.9,11.42,0,1.55,17.759173349402975,Safe
2026-02-26 22:57:00,31.5,325.03,40.29,51.63,1,21.8,83.0,11.42,0,1.32,17.081953387168113,Safe
2026-02-26 22:58:00,36.39,324.54,41.27,53.16,1,21.8,83.0,11.85,0,1.29,17.45105523957613,Safe
2026-02-26 22:58:00,20.27,325.52,40.54,52.04,1,21.8,82.9,11.85,0,1.34,16.768366154746463,Safe
2026-02-26 22:58:00,20.76,309.16,34.92,46.51,1,21.8,82.7,11.44,0,1.2,15.306913974548674,Safe
2026-02-26 22:58:00,35.41,323.81,40.54,51.99,1,21.8,82.5,10.24,0,1.46,17.12023313277774,Safe
2026-02-26 22:58:00,35.41,324.3,39.07,52.34,1,21.8,82.3,11.85,0,1.51,17.094091397157083,Safe
2026-02-26 22:58:00,41.27,323.08,41.51,52.89,1,21.8,82.3,11.44,0,1.21,17.565971224600496,Safe
2026-02-26 22:58:00,29.3,324.79,40.54,54.33,1,21.8,82.3,11.01,0,1.16,16.956357360426594,Safe
2026-02-26 22:58:00,37.85,319.66,40.05,52.81,1,21.8,82.6,11.42,0,1.02,17.061566745904834,Safe
2026-02-26 22:58:00,40.54,324.3,41.51,51.87,1,21.8,83.0,9.81,0,0.25,17.218890544037954,Safe
2026-02-26 22:58:00,36.87,309.89,34.43,47.03,1,21.8,83.3,11.03,0,0.67,15.715038574675855,Safe
2026-02-26 22:58:00,24.18,322.83,40.78,53.07,1,21.8,83.3,10.99,0,1.45,16.790681032753742,Safe
2026-02-26 22:59:00,27.11,310.13,34.43,47.71,1,21.9,83.5,11.03,0,1.67,15.811454045206775,Safe
2026-02-26 22:59:00,35.16,310.38,35.16,46.86,1,21.9,83.8,11.44,0,1.18,16.198254462165945,Safe
2026-02-26 22:59:00,41.76,311.84,27.84,47.71,1,21.9,83.6,11.85,869603,1.71,30.15745542927627,Safe
2026-02-26 22:59:00,33.46,326.01,39.8,52.25,1,21.9,83.0,11.85,869487,1.6,32.1777791260558,Safe
2026-02-26 22:59:00,27.35,310.13,34.92,47.68,1,21.9,82.9,10.6,869309,1.75,30.553862476251183,Safe
2026-02-26 22:59:00,19.29,324.3,41.76,52.13,1,22.0,82.8,10.99,869453,1.64,32.091438706316346,Safe
2026-02-26 22:59:00,29.55,326.98,41.51,51.63,1,22.0,83.0,11.42,869441,1.66,32.572884690048376,Safe
2026-02-26 22:59:00,35.16,328.21,42.25,52.25,1,22.0,83.1,10.99,869403,1.31,32.8279916231172,Safe
2026-02-26 22:59:00,35.16,325.52,41.03,52.31,1,22.0,83.1,11.42,869390,1.39,32.61251865613845,Safe
2026-02-26 23:00:00,31.01,314.04,35.16,47.38,1,22.0,82.9,11.01,869565,1.61,31.15568203957358,Safe
2026-02-26 23:00:00,28.08,323.57,40.05,51.99,1,22.1,82.7,11.01,869463,1.62,32.40206270461676,Safe
2026-02-26 23:00:00,36.87,326.25,42.25,52.25,1,22.1,82.8,10.99,869503,1.75,33.188841017781016,Safe
2026-02-26 23:00:00,37.85,323.81,41.51,51.78,1,22.1,82.6,11.42,869497,1.62,33.05750944049152,Safe
2026-02-26 23:00:00,31.01,324.3,41.03,52.25,1,22.1,82.4,10.99,869597,1.59,32.68615854384108,Safe
2026-02-26 23:00:00,32.48,326.98,42.74,52.37,1,22.1,82.7,11.42,869411,1.58,33.14264853132209,Safe
2026-02-26 23:00:00,35.16,324.3,41.51,52.37,1,22.2,82.6,11.44,869455,1.47,33.2244565774204,Safe
2026-02-26 23:00:00,31.5,324.3,41.27,52.84,1,22.2,82.3,11.42,869520,1.66,33.08119963957702,Safe
2026-02-26 23:00:00,36.14,321.12,39.07,52.13,1,22.2,81.9,10.99,869587,1.83,32.78666019305905,Safe
2026-02-26 23:00:00,20.76,324.3,39.8,52.04,1,22.2,81.9,10.41,0,1.89,17.67403524809978,Safe
2026-02-26 23:00:00,31.26,321.12,39.32,52.54,1,22.2,81.8,10.41,0,1.75,17.867720466748633,Safe
2026-02-26 23:00:00,34.92,319.66,40.05,51.9,1,22.2,81.6,10.41,0,1.5,18.032021353590842,Safe
2026-02-26 23:01:00,35.9,320.88,41.27,51.99,1,22.2,81.4,10.41,0,1.5,18.301880094293423,Safe
2026-02-26 23:01:00,29.3,320.15,40.78,51.96,1,22.2,81.2,10.41,0,1.69,17.98671467661035,Safe
2026-02-26 23:01:00,30.04,304.52,34.68,47.38,1,22.2,81.2,10.77,0,1.97,16.643620361621505,Safe
2026-02-26 23:01:00,35.16,318.19,41.03,52.48,1,22.1,81.2,10.34,0,1.38,17.844842447943133,Safe
2026-02-26 23:01:00,29.06,319.66,39.56,52.04,1,22.1,81.3,10.41,0,1.48,17.452278582765953,Safe
2026-02-26 23:01:00,26.86,300.85,34.92,46.86,1,22.1,81.4,10.43,0,1.23,16.00004825154513,Safe
2026-02-26 23:01:00,29.55,317.95,38.58,51.78,1,22.1,81.4,10.41,0,1.31,17.230539071267014,Safe
2026-02-26 23:01:00,36.39,328.21,42.74,52.19,1,22.0,81.5,10.41,0,1.73,18.26882719676996,Safe
2026-02-26 23:02:00,11.72,308.42,35.9,46.3,1,22.1,81.7,10.34,0,1.51,15.863273879865226,Safe
2026-02-26 23:02:00,35.16,323.81,41.51,51.75,1,22.2,81.6,10.32,0,1.64,18.418223779905695,Safe
2026-02-26 23:02:00,27.35,307.94,35.16,46.48,1,22.2,81.5,10.32,0,1.5,16.590662920300723,Safe
2026-02-26 23:02:00,34.92,344.08,41.27,52.13,0,22.2,81.2,9.47,0,1.32,8.84742429656229,Safe
2026-02-26 23:02:00,11.97,329.67,39.56,51.69,0,22.3,81.2,9.47,0,1.18,7.516477824008754,Safe
2026-02-26 23:02:00,36.87,331.62,41.76,53.66,0,22.3,80.8,9.9,0,1.58,8.984452360145669,Safe
2026-02-26 23:02:00,35.16,328.21,41.27,52.69,0,22.5,80.7,9.9,0,1.43,9.26463636424739,Safe
2026-02-26 23:03:00,46.64,328.69,40.54,52.69,1,22.9,80.6,9.9,868767,1.35,35.371875612998316,Safe
2026-02-26 23:03:00,31.99,326.74,40.78,51.63,1,23.0,80.0,9.9,868867,1.54,35.11262597595246,Safe
2026-02-26 23:03:00,31.75,324.79,39.8,51.28,1,23.0,79.1,9.9,868734,1.34,34.848423686312486,Safe
2026-02-26 23:03:00,35.9,325.76,40.29,52.31,1,23.0,78.5,9.9,869557,1.32,35.123169325904776,Safe
2026-02-26 23:03:00,31.99,329.18,39.56,52.51,1,22.9,78.5,9.9,869525,1.6,34.737506427956596,Safe
2026-02-26 23:03:00,31.99,324.3,40.54,52.92,1,22.9,79.2,9.9,868926,1.32,34.68242230454851,Safe
2026-02-26 23:04:00,21.73,307.45,34.68,47.79,1,22.9,79.9,9.93,0,1.39,18.167750049437256,Safe
2026-02-26 23:04:00,9.52,310.13,34.92,47.33,1,22.9,79.3,9.93,868839,1.42,32.51860034488976,Safe
2026-02-26 23:04:00,22.95,302.32,33.94,46.77,1,22.8,79.5,9.93,0,0.99,17.58669175375369,Safe
2026-02-26 23:05:00,37.12,331.87,34.68,48.21,1,22.6,79.4,9.93,0,1.03,18.60857811069994,Safe
2026-02-26 23:05:00,31.01,301.34,32.72,46.15,1,22.5,80.1,9.26,0,1.31,16.81041408457894,Safe
2026-02-26 23:05:00,26.62,305.49,33.7,48.26,1,22.5,79.9,9.59,0,1.11,16.933784033907713,Safe
2026-02-26 23:05:00,30.04,310.13,33.7,46.53,1,22.4,80.0,9.72,0,1.16,16.952682969980888,Safe
2026-02-26 23:05:00,34.43,325.76,39.07,52.22,1,22.4,80.1,8.45,0,0.97,18.283250199460454,Safe
2026-02-26 23:05:00,32.97,310.13,35.16,47.53,1,22.4,80.4,10.08,0,1.03,17.314384950649767,Safe
2026-02-26 23:05:00,29.06,307.2,33.94,46.24,1,22.4,80.8,11.13,0,1.35,17.058627873597292,Safe
2026-02-26 23:06:00,38.58,323.81,39.32,51.78,1,22.4,81.0,11.16,0,1.32,18.791573611720437,Safe
2026-02-26 23:06:00,23.93,306.96,33.94,46.89,1,22.4,80.9,7.32,0,1.49,16.44612500203257,Safe
2026-02-26 23:06:00,29.79,326.98,41.76,51.84,1,22.4,81.7,20.05,0,1.43,19.990142523250608,Safe
2026-02-26 23:06:00,35.9,329.43,38.83,52.48,1,22.4,82.7,10.32,0,1.45,18.71422442377061,Safe
2026-02-26 23:07:00,29.55,326.98,39.56,52.04,1,22.4,81.9,9.9,100817,1.23,20.13260548723391,Safe
2026-02-26 23:07:00,28.57,303.3,33.46,46.39,1,22.4,83.7,11.18,0,0.82,16.753635105240615,Safe
2026-02-26 23:07:00,35.16,325.52,39.07,52.45,1,22.3,81.4,9.9,0,1.53,18.291329032971575,Safe
2026-02-26 23:07:00,26.13,308.67,32.48,46.83,1,22.3,81.1,9.84,0,1.34,16.333300214284403,Safe
2026-02-26 23:07:00,22.22,307.45,31.99,46.33,1,22.3,81.5,14.73,0,0.88,16.549613489961228,Safe
2026-02-26 23:07:00,33.46,328.21,39.56,52.25,1,22.3,81.5,11.42,0,1.44,18.548033111231284,Safe
2026-02-26 23:07:00,24.42,310.13,34.43,46.62,1,22.3,81.5,15.23,0,1.07,17.196957898480875,Safe
2026-02-26 23:08:00,27.84,309.89,31.75,46.71,1,22.3,81.2,10.12,0,1.65,16.40598298960762,Safe
2026-02-26 23:08:00,35.16,324.05,39.32,52.31,1,22.2,81.4,5.66,153764,1.35,20.087581679223558,Safe
2026-02-26 23:08:00,34.68,327.72,40.54,52.51,1,22.4,83.3,10.41,0,1.47,18.90249055917112,Safe
2026-02-26 23:08:00,35.9,324.3,38.83,52.69,1,22.3,81.3,5.66,0,1.24,17.70462517065794,Safe
2026-02-26 23:08:00,30.77,319.66,38.1,52.04,1,22.2,81.5,5.68,0,1.35,16.994872102270808,Safe
2026-02-26 23:08:00,14.16,319.9,38.58,52.04,1,22.2,81.4,5.68,702453,0.94,28.25302392803953,Safe
2026-02-26 23:08:00,21.0,308.18,32.97,46.74,1,22.2,81.4,5.21,873689,1.41,30.171237665695948,Safe
2026-02-26 23:08:00,26.37,324.3,39.8,52.04,1,22.2,81.4,5.68,868783,1.58,31.96806994621196,Safe
2026-02-26 23:08:00,35.16,324.3,38.83,51.87,1,22.2,81.5,5.25,868963,1.25,32.03811329530331,Safe
2026-02-26 23:08:00,27.84,324.3,39.8,52.42,1,22.2,81.9,5.66,868886,1.01,31.9214386460539,Safe
2026-02-26 23:08:00,19.54,308.67,33.7,47.91,1,22.1,81.9,5.64,738754,1.05,27.675773193407245,Safe
2026-02-26 23:08:00,25.15,324.05,39.07,52.22,1,22.1,81.8,5.68,26244,1.35,17.241299033516373,Safe
2026-02-26 23:09:00,27.35,322.83,39.56,52.19,1,22.1,81.9,5.66,1975,1.51,16.98030817789531,Safe
2026-02-26 23:09:00,30.04,323.81,39.56,52.34,1,22.1,81.9,5.66,930,1.21,17.04086862152738,Safe
2026-02-26 23:09:00,26.37,321.61,41.27,52.01,1,22.1,82.2,5.68,204,1.35,17.122896399232125,Safe
2026-02-26 23:09:00,22.71,309.65,32.97,47.06,1,22.1,82.3,5.21,4,1.36,15.230423773892829,Safe
2026-02-26 23:09:00,16.85,323.81,39.07,52.6,1,22.1,82.1,5.66,23821,1.62,16.92687226641138,Safe
2026-02-26 23:09:00,31.26,322.1,40.05,53.16,1,22.1,82.1,5.68,868928,0.88,31.723487854312886,Safe
2026-02-26 23:09:00,25.15,318.93,39.07,51.96,1,22.1,82.4,5.68,868988,1.2,31.296528298408916,Safe
2026-02-26 23:09:00,32.23,322.59,40.05,52.1,1,22.1,82.7,5.66,868730,1.55,31.888574094560706,Safe
2026-02-26 23:09:00,27.35,319.66,39.8,52.04,1,22.1,82.6,5.66,868819,1.18,31.50989191114303,Safe
2026-02-26 23:09:00,25.15,306.47,31.5,46.51,1,22.1,82.6,5.21,868906,1.08,29.62155710345155,Safe
2026-02-26 23:09:00,22.22,306.23,33.94,47.79,1,22.1,82.4,5.21,868922,1.06,29.890929881062917,Safe
2026-02-26 23:09:00,27.35,303.79,33.94,46.65,1,22.1,82.2,5.64,868909,1.08,30.060303438907827,Safe
2026-02-26 23:10:00,27.11,321.86,39.56,52.04,1,22.1,82.1,5.25,166287,1.32,19.636942380094492,Safe
2026-02-26 23:10:00,21.73,324.3,38.83,53.19,1,22.1,82.0,5.68,588781,1.34,26.586633455206705,Safe
2026-02-26 23:10:00,42.98,321.86,38.83,52.07,1,22.1,82.0,5.68,135,1.56,17.40042294476346,Safe
2026-02-26 23:10:00,30.53,320.39,39.07,52.25,1,22.1,82.0,5.21,14493,1.53,17.10886508774164,Safe
2026-02-26 23:10:00,27.84,365.81,42.0,52.45,1,22.1,82.2,5.42,0,1.85,18.72631529457715,Safe
2026-02-26 23:10:00,25.15,340.17,34.19,46.86,1,22.1,82.3,5.04,92992,1.29,18.00663758320687,Safe
2026-02-26 23:10:00,21.25,328.45,34.92,50.17,1,22.1,82.5,5.04,376737,1.16,22.383886952656297,Safe
2026-02-26 23:10:00,25.64,324.3,34.92,46.15,1,22.1,82.4,5.04,0,1.12,16.04608844338543,Safe
2026-02-26 23:10:00,30.28,341.15,40.78,51.49,1,22.1,82.2,8.71,59295,0.99,19.081989167643474,Safe
2026-02-26 23:10:00,27.59,343.59,42.74,52.04,1,22.1,82.1,10.41,0,0.94,18.55454492450616,Safe
2026-02-26 23:10:00,34.19,340.17,42.49,52.42,1,22.1,82.1,12.43,0,0.85,18.871792520846224,Safe
2026-02-26 23:11:00,29.79,332.11,35.16,47.41,1,22.1,82.0,15.83,0,1.29,17.751970495078073,Safe
2026-02-26 23:11:00,19.54,335.78,42.74,52.04,1,22.1,82.1,19.21,0,1.25,19.074148970862307,Safe
2026-02-26 23:11:00,27.11,321.37,36.63,47.18,1,22.1,82.2,18.59,0,1.0,17.81727702377683,Safe
2026-02-26 23:11:00,27.59,332.11,42.98,51.37,1,22.0,82.2,18.86,0,1.14,18.96308873363007,Safe
2026-02-26 23:11:00,30.77,331.38,42.25,51.37,1,22.1,82.2,18.86,0,1.23,19.236824184164224,Safe
2026-02-26 23:11:00,26.13,327.96,41.51,52.04,1,22.1,82.2,18.86,0,1.22,18.836011788420073,Safe
2026-02-26 23:11:00,22.95,316.48,35.65,46.8,1,22.0,82.2,19.26,0,0.78,17.11215564759448,Safe
2026-02-26 23:11:00,32.97,327.96,41.51,50.84,1,22.0,82.3,18.86,0,0.97,18.770675199093432,Safe
2026-02-26 23:11:00,25.89,327.96,41.51,51.19,1,22.0,82.3,18.86,0,1.25,18.554551801334178,Safe
2026-02-26 23:11:00,34.43,326.01,42.49,52.34,1,22.0,82.3,18.86,0,1.05,18.935716627173246,Safe
2026-02-26 23:11:00,26.62,305.49,35.16,47.36,1,22.0,82.2,19.35,0,1.39,16.948223545823822,Safe
2026-02-26 23:12:00,34.92,317.22,40.78,51.4,1,22.0,82.3,18.86,0,0.92,18.383958606084253,Safe
2026-02-26 23:12:00,26.37,316.0,40.54,52.04,1,22.0,82.3,19.29,0,1.12,18.071413049885564,Safe
2026-02-26 23:12:00,32.72,316.73,40.54,51.6,1,21.9,82.4,18.86,0,1.05,17.993033518731004,Safe
2026-02-26 23:12:00,33.46,314.04,40.78,50.93,1,21.9,82.5,18.86,0,1.46,18.048309870144003,Safe
2026-02-26 23:12:00,31.99,316.73,40.54,51.08,1,21.9,82.6,18.86,0,0.98,17.953182079491317,Safe
2026-02-26 23:12:00,34.92,320.63,40.54,52.04,1,21.9,82.8,19.29,0,1.27,18.285495783067702,Safe
2026-02-26 23:12:00,36.87,321.61,40.29,51.14,1,21.9,82.9,18.86,0,0.67,18.193296509384634,Safe
2026-02-26 23:12:00,31.26,321.86,41.27,52.04,1,21.9,83.1,19.29,0,1.25,18.29951538485935,Safe
2026-02-26 23:12:00,32.48,320.39,39.8,52.07,1,21.9,83.2,19.29,0,0.95,18.011210596041053,Safe
2026-02-26 23:12:00,29.06,318.19,38.83,51.05,1,21.9,83.3,18.86,0,0.83,17.58851911931739,Safe
2026-02-26 23:12:00,30.04,302.08,34.92,47.09,1,21.9,83.3,18.86,741,1.72,16.669269917907062,Safe
2026-02-26 23:12:00,33.7,316.48,41.51,51.96,1,21.9,83.2,18.86,7881,1.34,18.361863050829005,Safe
2026-02-26 23:13:00,28.57,303.54,35.16,46.77,1,21.8,83.1,19.26,0,1.48,16.41085568313507,Safe
2026-02-26 23:13:00,35.16,315.75,41.76,49.64,1,21.8,83.1,18.86,0,1.75,18.09583445036888,Safe
2026-02-26 23:13:00,23.44,312.82,40.05,51.75,1,21.8,83.1,18.86,0,1.71,17.28396699728683,Safe
2026-02-26 23:13:00,31.99,311.84,40.54,52.51,1,21.8,83.1,18.86,0,1.08,17.54094824263831,Safe
2026-02-26 23:13:00,10.99,311.6,40.54,52.04,1,21.8,83.2,18.86,0,1.35,16.79284029712252,Safe
2026-02-26 23:13:00,27.35,296.95,33.7,47.03,1,21.8,83.1,19.26,0,0.91,15.825162174563975,Safe
2026-02-26 23:13:00,35.9,313.06,39.56,52.6,1,21.8,83.2,18.86,0,0.92,17.54062662953912,Safe
2026-02-26 23:13:00,23.2,311.84,39.32,52.04,1,21.8,83.3,19.29,0,1.37,17.11665722750843,Safe
2026-02-26 23:13:00,31.01,310.38,39.07,52.04,1,21.8,83.3,18.86,0,1.16,17.237857882174122,Safe
2026-02-26 23:13:00,15.87,310.13,38.58,51.49,1,21.8,83.3,18.86,0,0.87,16.53164498838803,Safe
2026-02-26 23:13:00,22.71,296.21,34.19,48.03,1,21.8,83.3,19.26,0,1.07,15.734661179764503,Safe
2026-02-26 23:13:00,28.08,312.58,39.07,50.84,1,21.8,83.3,19.29,0,1.31,17.272315344895908,Safe
2026-02-26 23:13:00,31.5,314.04,39.8,52.04,1,21.7,83.5,18.86,0,0.91,17.164722446611997,Safe
2026-02-26 23:13:00,32.48,314.77,39.8,51.99,1,21.7,83.4,19.29,0,0.81,17.25583035814668,Safe
2026-02-26 23:14:00,27.11,314.04,39.56,51.16,1,21.7,83.5,18.86,0,0.98,16.973926837111676,Safe
2026-02-26 23:14:00,10.74,312.58,38.83,51.96,1,21.7,83.5,18.86,0,1.07,16.21300031237169,Safe
2026-02-26 23:14:00,27.84,310.38,37.36,52.04,1,21.7,83.5,18.86,0,1.31,16.59425994851507,Safe
2026-02-26 23:14:00,28.82,299.63,32.23,46.97,1,21.7,83.5,19.26,0,1.13,15.49005136700028,Safe
2026-02-26 23:14:00,28.33,316.24,39.07,52.13,1,21.7,83.6,18.86,0,1.34,17.0738414280649,Safe
2026-02-26 23:14:00,31.01,316.73,39.8,52.04,1,21.7,83.7,18.86,0,1.31,17.3011336865295,Safe
2026-02-26 23:14:00,28.82,314.29,40.54,52.22,1,21.7,83.7,18.86,0,1.03,17.211511400982825,Safe
2026-02-26 23:14:00,25.15,313.06,39.32,52.04,1,21.7,83.7,18.86,0,1.06,16.845654510805634,Safe
2026-02-26 23:14:00,26.62,315.26,38.83,52.07,1,21.7,83.6,19.29,0,1.29,16.981208194571373,Safe
2026-02-26 23:14:00,34.68,307.94,39.32,51.58,1,21.7,83.7,18.86,0,1.22,17.072578879993458,Safe
2026-02-26 23:14:00,24.66,312.82,38.34,52.42,1,21.7,83.7,18.86,0,1.12,16.673740932556093,Safe
2026-02-26 23:14:00,20.76,303.54,32.72,46.83,1,21.7,83.7,19.26,0,0.84,15.3359152713821,Safe
2026-02-26 23:14:00,31.26,316.0,38.58,52.04,1,21.6,83.9,18.86,0,1.43,16.836262781468555,Safe
2026-02-26 23:15:00,33.46,314.04,39.8,51.6,1,21.6,84.2,18.86,0,0.83,16.946333742078643,Safe
2026-02-26 23:15:00,34.43,310.87,39.32,52.42,1,21.6,84.2,18.86,0,1.56,16.937035195290214,Safe
2026-02-26 23:15:00,35.16,310.87,38.83,51.75,1,21.6,84.1,18.86,0,1.01,16.788371918045193,Safe
2026-02-26 23:15:00,34.92,309.89,38.34,52.98,1,21.6,84.0,18.86,0,1.15,16.695376460572977,Safe
2026-02-26 23:15:00,32.23,313.8,39.07,52.01,1,21.6,84.0,18.86,0,1.21,16.84346469728912,Safe
2026-02-26 23:15:00,28.08,314.04,39.56,51.75,1,21.6,84.0,18.86,0,1.3,16.789433951662804,Safe
2026-02-26 23:15:00,26.86,301.34,32.72,47.77,1,21.6,84.0,19.26,0,1.14,15.272029784704987,Safe
2026-02-26 23:15:00,25.89,314.04,38.34,52.42,1,21.6,84.0,18.86,0,0.94,16.4481485641692,Safe
2026-02-26 23:15:00,30.77,315.75,39.07,52.69,1,21.6,84.0,18.86,0,1.03,16.81735746408349,Safe
2026-02-26 23:15:00,30.04,315.02,39.32,52.48,1,21.6,84.1,19.29,0,1.1,16.86898172899969,Safe
2026-02-26 23:15:00,35.16,315.75,38.34,52.48,1,21.5,84.2,18.86,0,1.11,16.601924256670557,Safe
2026-02-26 23:15:00,32.48,314.04,38.58,52.34,1,21.5,84.4,18.86,0,1.33,16.525516996141494,Safe
2026-02-26 23:15:00,25.64,312.33,38.34,51.28,1,21.6,84.3,18.86,0,1.16,16.424618766712225,Safe
2026-02-26 23:16:00,29.55,310.38,39.56,52.04,1,21.5,84.4,18.86,0,1.45,16.479576614280372,Safe
2026-02-26 23:16:00,25.15,310.38,38.58,52.4,1,21.6,84.3,18.86,0,1.23,16.3963288047868,Safe
2026-02-26 23:16:00,31.01,309.65,38.34,51.11,1,21.5,84.3,18.86,0,1.01,16.238420027155886,Safe
2026-02-26 23:16:00,24.66,308.42,36.63,52.4,1,21.6,84.4,18.86,0,0.96,15.957133212099453,Safe
2026-02-26 23:16:00,20.51,308.67,37.85,51.75,1,21.5,84.4,19.26,0,0.76,15.736741938141657,Safe
2026-02-26 23:16:00,24.91,293.28,32.72,46.83,1,21.5,84.3,19.26,0,1.17,14.675448720131518,Safe
2026-02-26 23:16:00,35.41,312.09,38.83,51.52,1,21.5,84.3,18.86,0,1.36,16.620149689652983,Safe
2026-02-26 23:16:00,35.16,312.33,38.34,52.04,1,21.5,84.3,18.86,0,0.94,16.46525448125513,Safe
2026-02-26 23:16:00,29.06,311.6,37.85,51.75,1,21.5,84.3,18.86,0,1.36,16.20973261441386,Safe
2026-02-26 23:16:00,28.82,311.11,38.1,52.04,1,21.5,84.4,19.28,0,1.31,16.264759314133155,Safe
2026-02-26 23:16:00,32.72,310.13,37.85,52.25,1,21.5,84.5,18.28,141001,1.06,18.564277602947488,Safe
2026-02-26 23:16:00,35.41,312.82,38.83,51.52,1,21.5,84.5,18.26,0,0.94,16.499387539306205,Safe
2026-02-26 23:17:00,30.28,315.26,39.07,52.04,1,21.5,84.6,18.28,0,1.48,16.519317896158142,Safe
2026-02-26 23:17:00,30.53,312.33,38.1,51.16,1,21.5,84.8,18.26,0,1.14,16.219684979099302,Safe
2026-02-26 23:17:00,38.83,312.09,35.9,52.31,1,21.5,84.7,18.26,0,1.07,16.159684118342437,Safe
2026-02-26 23:17:00,32.72,311.11,38.34,51.11,1,21.5,84.8,17.34,0,1.0,16.17186278795519,Safe
2026-02-26 23:17:00,36.39,316.48,37.61,52.16,1,21.5,84.7,17.94,0,0.8,16.3934446290307,Safe
2026-02-26 23:17:00,37.61,316.48,38.83,52.31,1,21.5,85.2,18.35,0,1.08,16.731143370313166,Safe
2026-02-26 23:17:00,34.43,315.02,38.58,52.04,1,21.5,85.4,10.15,0,1.47,15.654510490209839,Safe
2026-02-26 23:17:00,36.87,314.29,38.83,52.04,1,21.6,85.2,9.55,0,1.23,15.929663900365359,Safe
2026-02-26 23:17:00,29.06,298.17,31.99,45.92,1,21.6,85.1,8.75,0,0.89,13.888619445502343,Safe
2026-02-26 23:17:00,40.54,312.09,36.87,52.04,1,21.6,85.0,9.55,0,1.32,15.701584181584572,Safe
2026-02-26 23:17:00,40.54,314.04,38.83,51.75,1,21.6,84.7,9.55,0,1.23,16.059700668632264,Safe
2026-02-26 23:17:00,37.36,313.8,38.83,52.84,1,21.6,84.6,9.55,0,1.19,15.925703942637764,Safe
2026-02-26 23:17:00,24.66,312.58,37.85,52.69,1,21.6,84.5,9.55,0,1.2,15.255877984265098,Safe
2026-02-26 23:17:00,41.51,314.04,38.58,51.69,1,21.6,84.4,9.55,0,1.22,16.054375039916973,Safe
2026-02-26 23:18:00,41.76,314.29,38.58,52.19,1,21.6,84.5,9.55,0,1.36,16.096421322190075,Safe
2026-02-26 23:18:00,38.1,315.02,36.63,50.14,1,21.6,84.5,9.55,0,1.38,15.67345002447037,Safe
2026-02-26 23:18:00,42.98,313.55,37.85,52.37,1,21.6,84.3,9.55,0,1.28,15.988257871065464,Safe
2026-02-26 23:18:00,39.8,313.8,38.34,52.34,1,21.6,84.3,9.55,0,1.19,15.938981808276676,Safe
2026-02-26 23:18:00,31.75,313.8,37.61,51.31,1,21.6,84.4,9.55,0,1.31,15.541275430712476,Safe
2026-02-26 23:18:00,31.5,315.75,37.61,52.86,1,21.6,84.3,8.71,0,0.97,15.4357739644902,Safe
2026-02-26 23:18:00,29.79,316.24,38.83,52.57,1,21.5,84.4,8.71,0,0.74,15.263245791667313,Safe
2026-02-26 23:18:00,38.34,315.51,37.61,52.63,1,21.6,84.5,9.55,0,1.36,15.850865125906722,Safe
2026-02-26 23:18:00,35.16,301.59,32.72,47.65,1,21.6,84.6,8.75,0,1.29,14.411956468038323,Safe
2026-02-26 23:18:00,41.51,315.02,37.61,51.75,1,21.6,84.6,9.55,0,1.26,15.936886000833317,Safe
2026-02-26 23:18:00,34.68,315.02,31.99,52.07,1,21.6,84.5,9.57,0,1.15,14.764508943802731,Safe
2026-02-26 23:18:00,38.83,317.95,38.34,51.93,1,21.6,84.5,9.55,0,1.28,16.04773531462678,Safe
2026-02-26 23:18:00,35.16,316.48,37.36,52.13,1,21.5,84.5,8.71,0,1.38,15.351039466310548,Safe
2026-02-26 23:19:00,30.53,300.12,31.75,46.45,1,21.6,84.5,8.75,0,1.32,14.042552771342088,Safe
2026-02-26 23:19:00,41.76,314.29,37.36,52.25,1,21.5,84.6,9.55,0,1.58,15.662655189634195,Safe
2026-02-26 23:19:00,17.09,299.88,31.75,47.21,1,21.5,84.6,8.75,0,0.96,13.188626790507868,Safe
2026-02-26 23:19:00,42.49,314.29,36.63,52.01,1,21.6,84.5,8.71,0,1.14,15.67653472155111,Safe
2026-02-26 23:19:00,42.0,314.29,38.83,52.89,1,21.5,84.4,8.71,0,1.22,15.746351770245983,Safe
2026-02-26 23:19:00,31.01,314.04,37.85,51.99,1,21.6,84.4,9.55,2855,0.99,15.55072071216626,Safe
2026-02-26 23:19:00,35.16,313.8,36.87,51.75,1,21.6,84.6,9.55,0,1.18,15.527905706015622,Safe
2026-02-26 23:19:00,37.61,313.31,36.63,52.04,1,21.5,84.7,9.55,0,1.17,15.286726053715704,Safe
2026-02-26 23:20:00,41.51,316.0,39.07,51.78,1,21.6,86.1,9.55,0,1.36,16.218616172994288,Safe
2026-02-26 23:20:00,22.22,316.48,38.83,52.04,1,21.6,84.8,8.71,0,1.22,15.349506980059457,Safe
2026-02-26 23:20:00,35.41,312.33,37.61,51.66,1,21.7,85.7,9.55,0,1.5,15.944495954376913,Safe
2026-02-26 23:20:00,39.07,314.53,37.61,51.99,1,21.6,85.0,9.57,0,1.45,15.866058426702503,Safe
2026-02-26 23:20:00,43.71,314.29,37.85,52.48,1,21.6,84.6,10.41,0,1.05,16.09653971493736,Safe
2026-02-26 23:20:00,39.32,313.55,36.39,52.69,1,21.7,84.6,24.28,0,1.06,17.546559600302768,Safe
2026-02-26 23:20:00,36.87,319.9,37.61,52.66,1,21.7,84.6,26.65,0,1.5,18.197484801114676,Safe
2026-02-26 23:20:00,39.8,315.26,37.36,51.75,1,21.7,84.6,29.62,0,1.33,18.433748599906476,Safe
2026-02-26 23:20:00,35.65,315.75,38.1,51.6,1,21.7,84.5,25.73,0,1.17,17.936612424882735,Safe
2026-02-26 23:21:00,42.74,314.29,37.12,52.34,1,21.7,84.5,26.57,83,1.44,18.14649168243739,Safe
2026-02-26 23:21:00,43.71,315.75,37.61,52.07,1,21.7,84.5,26.57,0,1.37,18.292878256750843,Safe
2026-02-26 23:21:00,32.48,301.1,31.99,47.06,1,21.7,84.5,9.76,0,1.59,14.626330708572146,Safe
2026-02-26 23:21:00,43.71,316.48,36.39,52.04,1,21.7,84.6,9.72,0,1.26,16.16716130394308,Safe
2026-02-26 23:21:00,39.07,315.26,38.34,51.78,1,21.7,84.6,9.31,0,1.35,16.23568064608682,Safe
2026-02-26 23:21:00,40.54,313.8,35.65,51.31,1,21.7,84.5,9.31,0,1.47,15.836623631319743,Safe
2026-02-26 23:21:00,38.58,315.26,38.1,53.13,1,21.8,84.4,9.31,0,1.13,16.417591110788177,Safe
2026-02-26 23:21:00,19.54,315.51,36.63,51.46,1,21.8,84.2,9.72,0,1.51,15.589886155391133,Safe
2026-02-26 23:21:00,35.9,316.48,37.61,52.42,1,21.8,84.2,9.72,0,1.25,16.344952599500015,Safe
2026-02-26 23:21:00,38.1,316.48,37.36,51.9,1,21.7,84.2,9.72,0,1.29,16.116923429712447,Safe
2026-02-26 23:21:00,32.23,317.7,36.63,53.01,1,21.8,84.1,9.72,0,1.6,16.15059822401156,Safe
2026-02-26 23:21:00,41.03,316.97,35.9,52.04,1,21.8,84.0,9.72,0,1.38,16.302521547533242,Safe
2026-02-26 23:21:00,44.2,317.7,36.63,52.81,1,21.8,84.0,9.72,0,1.35,16.55568586883304,Safe
2026-02-26 23:21:00,35.9,301.34,31.5,46.1,1,21.8,84.0,9.76,0,1.34,14.917238590029246,Safe
2026-02-26 23:22:00,42.25,314.04,35.9,52.13,1,21.8,83.8,9.72,0,1.5,16.278447968678165,Safe
2026-02-26 23:22:00,31.99,308.67,30.77,47.38,1,21.8,83.9,9.76,0,1.45,14.901405344391417,Safe
2026-02-26 23:22:00,42.98,313.55,35.41,51.58,1,21.8,83.9,9.72,0,1.28,16.173166520120812,Safe
2026-02-26 23:22:00,38.58,301.1,31.01,46.42,1,21.7,83.9,9.76,0,1.65,14.709361977535798,Safe
2026-02-26 23:22:00,33.94,301.59,31.01,47.65,1,21.8,83.9,9.76,0,1.87,14.867238056263906,Safe
2026-02-26 23:22:00,38.34,316.97,35.9,52.04,1,21.8,83.9,9.72,0,1.43,16.21038835558929,Safe
2026-02-26 23:22:00,31.01,301.1,31.01,46.89,1,21.8,83.8,9.76,0,1.93,14.752615428973142,Safe
2026-02-26 23:22:00,37.61,319.17,36.14,51.78,1,21.8,83.8,8.88,0,1.29,16.168556645680322,Safe
2026-02-26 23:22:00,27.11,315.02,32.97,47.41,1,21.8,83.9,7.82,868914,1.28,29.698253112200312,Safe
2026-02-26 23:22:00,36.39,319.17,36.39,52.19,1,21.7,83.9,7.79,868723,1.37,30.45433530789272,Safe
2026-02-26 23:22:00,39.56,307.2,30.53,46.74,1,21.8,83.9,7.77,873715,1.85,29.708866791851364,Safe
2026-02-26 23:22:00,27.35,307.45,31.26,46.83,1,21.8,83.7,7.82,868798,0.89,29.126927296991656,Safe
2026-02-26 23:22:00,35.9,305.01,31.01,46.65,1,21.8,83.6,7.82,868855,1.37,29.418324137667362,Safe
2026-02-26 23:22:00,38.58,303.54,28.82,47.21,1,21.7,83.7,7.82,868888,1.31,28.835142042953354,Safe
2026-02-26 23:23:00,31.5,304.03,29.3,46.89,1,21.7,83.6,7.73,868846,1.09,28.61114420475882,Safe
2026-02-26 23:23:00,39.32,302.56,31.01,46.39,1,21.7,83.7,7.82,868673,1.16,29.152320508341322,Safe
2026-02-26 23:23:00,42.49,321.61,35.9,51.87,1,21.7,83.8,7.79,868893,1.22,30.657233700270798,Safe
2026-02-26 23:23:00,46.4,325.76,37.61,51.28,1,21.7,83.8,7.79,868881,1.21,31.20470421440671,Safe
2026-02-26 23:23:00,35.41,309.16,31.75,46.24,1,21.7,83.8,7.82,868933,1.76,29.44027464189589,Safe
2026-02-26 23:23:00,41.76,324.54,37.85,50.84,1,21.7,83.8,7.79,868765,1.72,31.119514631705712,Safe
2026-02-26 23:23:00,36.87,305.49,31.26,46.12,1,21.7,83.9,7.82,868737,1.6,29.270763131195878,Safe
2026-02-26 23:23:00,36.63,318.19,36.39,52.07,1,21.7,83.9,7.79,868820,1.3,30.422042237628606,Safe
2026-02-26 23:23:00,42.74,323.08,36.87,52.13,1,21.7,83.8,7.79,868751,1.26,30.872193824787747,Safe
2026-02-26 23:23:00,42.98,325.52,38.34,52.1,1,21.7,83.9,7.79,868793,1.33,31.20536435616168,Safe
2026-02-26 23:23:00,45.42,324.54,38.58,51.52,1,21.7,83.9,7.79,871809,1.25,31.34161425465033,Safe
2026-02-26 23:23:00,31.5,320.39,37.36,51.96,1,21.7,83.9,7.79,868766,1.64,30.51248436531565,Safe
2026-02-26 23:24:00,37.85,320.15,36.39,52.07,1,21.7,83.8,7.79,868964,1.79,30.618369144924905,Safe
2026-02-26 23:24:00,31.75,321.61,37.61,52.04,1,21.7,83.8,7.79,868820,1.72,30.614953156666573,Safe
2026-02-26 23:24:00,46.64,320.15,36.87,52.6,1,21.7,83.9,7.79,868827,1.5,30.97136832112471,Safe
2026-02-26 23:24:00,43.71,319.17,37.12,52.22,1,21.7,84.0,7.79,868837,1.49,30.869198430564147,Safe
2026-02-26 23:24:00,42.98,304.76,31.75,46.45,1,21.7,84.0,7.82,868940,1.72,29.580590387619598,Safe
2026-02-26 23:24:00,36.14,305.01,31.26,46.36,1,21.7,83.9,7.82,868769,1.48,29.207626030712795,Safe
2026-02-26 23:24:00,39.07,322.59,36.87,52.04,1,21.7,83.9,7.79,868821,1.57,30.77538570141724,Safe
2026-02-26 23:24:00,34.19,321.12,35.65,51.4,1,21.7,83.8,7.79,868874,1.38,30.318424016632168,Safe
2026-02-26 23:24:00,44.69,322.1,36.39,52.34,1,21.7,83.8,7.79,868888,1.49,30.881344848407622,Safe
2026-02-26 23:24:00,39.07,323.32,36.63,52.22,1,21.7,83.8,7.79,868933,1.26,30.706545198518757,Safe
2026-02-26 23:24:00,29.79,305.74,31.99,46.97,1,21.7,83.9,7.82,868869,1.48,29.110306955688202,Safe
2026-02-26 23:24:00,43.22,318.93,37.36,51.93,1,21.7,83.8,7.79,868891,1.44,30.873730867601633,Safe
2026-02-26 23:24:00,43.22,318.44,35.65,52.81,1,21.7,83.8,7.79,868918,1.64,30.621040303184298,Safe
2026-02-26 23:24:00,43.22,309.89,36.39,51.87,1,21.7,83.9,7.79,868771,1.5,30.445847791408347,Safe
2026-02-26 23:25:00,40.78,304.52,30.77,46.8,1,21.7,84.0,7.82,868841,1.33,29.262830997960123,Safe
2026-02-26 23:25:00,38.58,305.74,31.99,47.21,1,21.7,84.0,7.73,868964,1.56,29.445888101194896,Safe
2026-02-26 23:25:00,31.01,306.23,30.77,47.36,1,21.7,84.0,7.73,868966,0.95,28.873434638226886,Safe
2026-02-26 23:25:00,38.83,310.38,30.77,47.09,1,21.7,84.2,7.82,868885,1.51,29.40474949209039,Safe
2026-02-26 23:25:00,36.87,320.88,36.87,52.16,1,21.7,84.3,7.73,868635,1.35,30.5904180388534,Safe
2026-02-26 23:25:00,35.16,304.27,30.53,45.92,1,21.7,84.2,7.82,868861,1.28,28.99707888300682,Safe
2026-02-26 23:25:00,35.16,305.25,31.01,47.71,1,21.7,84.1,7.73,868923,1.07,29.057743545560804,Safe
2026-02-26 23:25:00,49.08,323.81,37.36,52.42,1,21.7,84.1,7.79,868755,1.22,31.20431553121622,Safe
2026-02-26 23:25:00,46.89,324.3,37.85,51.37,1,21.7,83.9,7.79,868860,1.61,31.286750197470525,Safe
2026-02-26 23:25:00,38.83,323.57,38.58,52.42,1,21.7,83.8,7.79,868901,1.45,31.05033993233165,Safe
2026-02-26 23:25:00,37.61,307.45,32.48,47.06,1,21.7,83.8,7.73,868956,1.36,29.50537306067368,Safe
2026-02-26 23:25:00,35.16,319.41,32.97,47.97,1,21.7,83.7,7.82,0,1.06,15.136841021377414,Safe
2026-02-26 23:26:00,42.98,324.3,37.36,51.99,1,21.7,83.9,7.79,0,1.59,16.37542140159825,Safe
2026-02-26 23:26:00,31.01,322.59,37.85,51.75,1,21.7,83.9,7.79,0,1.68,15.967023891168544,Safe
2026-02-26 23:26:00,48.6,322.83,36.87,52.6,1,21.7,83.9,7.79,0,1.34,16.417936087755646,Safe
2026-02-26 23:26:00,45.91,317.46,37.61,52.04,1,21.7,83.9,7.79,0,1.31,16.262748000497904,Safe
2026-02-26 23:26:00,42.74,322.83,36.87,51.58,1,21.7,84.0,7.79,9606,1.48,16.38508039904939,Safe
2026-02-26 23:26:00,36.87,307.94,31.5,47.36,1,21.7,83.9,7.82,174092,1.43,17.61661349660132,Safe
2026-02-26 23:26:00,43.71,322.83,36.63,52.81,1,21.7,84.1,7.79,0,1.38,16.203033530114308,Safe
2026-02-26 23:26:00,35.65,307.94,31.99,47.44,1,21.7,84.3,7.79,0,1.41,14.700227551335532,Safe
2026-02-26 23:26:00,38.83,324.3,38.34,52.04,1,21.7,84.8,7.79,0,1.42,16.34607318631918,Safe
2026-02-26 23:26:00,42.98,324.3,37.85,51.99,1,21.7,85.1,7.79,0,1.18,16.380922614173933,Safe
2026-02-26 23:26:00,46.15,321.61,37.61,52.13,1,21.8,84.9,7.79,0,0.99,16.621868276810076,Safe
2026-02-26 23:27:00,44.69,318.19,37.36,52.01,1,21.8,84.9,7.79,0,1.32,16.479237624969866,Safe
2026-02-26 23:27:00,25.15,308.67,32.23,47.53,1,21.7,84.6,7.79,0,1.15,14.320825176917628,Safe
2026-02-26 23:27:00,35.65,307.45,31.75,46.33,1,21.8,84.5,7.82,0,1.48,14.940256452000478,Safe
2026-02-26 23:27:00,43.22,324.05,37.85,52.37,1,21.8,84.6,7.79,0,0.78,16.58885745474878,Safe
2026-02-26 23:27:00,39.8,309.16,31.01,46.39,1,21.8,84.4,7.79,0,1.43,15.018679358158064,Safe
2026-02-26 23:27:00,35.16,324.05,37.61,52.04,1,21.8,84.4,7.79,0,1.26,16.333092681003556,Safe
2026-02-26 23:27:00,28.08,317.7,35.65,52.42,1,21.8,84.4,7.79,0,1.53,15.60411370018921,Safe
2026-02-26 23:27:00,43.22,319.9,37.61,50.93,1,21.8,84.3,7.79,0,1.24,16.503027156293793,Safe
2026-02-26 23:27:00,45.91,320.39,36.87,52.04,1,21.8,84.2,7.79,0,1.17,16.488533879036098,Safe
2026-02-26 23:27:00,38.83,305.01,31.5,47.09,1,21.8,84.2,7.73,0,1.39,14.917422596110361,Safe
2026-02-26 23:27:00,45.91,319.17,36.63,52.13,1,21.8,84.2,7.73,0,1.56,16.4745898685172,Safe
2026-02-26 23:27:00,42.49,319.41,35.41,51.78,1,21.7,84.3,7.79,0,1.5,15.876998653990459,Safe
2026-02-26 23:28:00,38.83,320.15,36.63,52.48,1,21.7,84.3,7.79,0,1.33,15.927463486100182,Safe
2026-02-26 23:28:00,38.34,304.52,24.91,47.03,1,21.8,84.4,7.79,0,1.25,13.812034141482721,Safe
2026-02-26 23:28:00,46.89,320.63,36.63,52.4,1,21.8,84.3,7.73,0,1.68,16.578163087345317,Safe
2026-02-26 23:28:00,32.72,305.74,31.01,47.44,1,21.8,84.3,7.73,0,1.25,14.607472112597463,Safe
2026-02-26 23:28:00,44.69,321.86,36.14,52.84,1,21.8,84.2,7.79,0,1.43,16.417950233340708,Safe
2026-02-26 23:28:00,37.61,317.95,36.87,52.51,1,21.8,84.2,7.79,0,1.33,16.12931743119825,Safe
2026-02-26 23:28:00,42.98,323.81,37.12,52.95,1,21.8,84.1,7.79,0,1.19,16.528496286681463,Safe
2026-02-26 23:28:00,19.54,312.33,31.26,47.68,1,21.8,84.1,7.79,0,1.37,14.385852668082197,Safe
2026-02-26 23:28:00,35.65,313.55,31.5,48.15,1,21.8,84.5,7.82,0,0.85,14.97823235586142,Safe
2026-02-26 23:28:00,24.18,304.76,30.77,46.45,1,21.8,84.5,7.82,0,1.75,14.317057465863275,Safe
2026-02-26 23:28:00,31.99,303.79,31.5,47.06,1,21.8,84.3,7.79,0,1.28,14.609923255476328,Safe
2026-02-26 23:28:00,48.35,320.39,36.87,52.04,1,21.8,84.1,7.79,0,1.25,16.594377633867605,Safe
2026-02-26 23:29:00,29.55,319.41,36.87,52.07,1,21.8,83.9,7.79,0,1.16,15.84188422024515,Safe
2026-02-26 23:29:00,39.32,322.59,37.36,52.25,1,21.9,83.7,7.79,0,1.49,16.722533153616737,Safe
2026-02-26 23:29:00,46.89,321.37,35.65,51.37,1,21.8,83.9,7.79,0,1.3,16.383863041742256,Safe
2026-02-26 23:29:00,46.64,320.15,36.63,53.13,1,21.8,83.9,7.79,0,1.31,16.494975873442655,Safe
2026-02-26 23:29:00,43.47,317.7,37.12,51.4,1,21.8,83.8,7.79,0,1.09,16.338926287695365,Safe
2026-02-26 23:29:00,44.44,316.73,37.61,52.98,1,21.8,83.7,7.79,0,1.38,16.475036103454773,Safe
2026-02-26 23:29:00,35.65,319.17,36.14,52.16,1,21.8,83.7,7.79,0,1.39,15.987625593838345,Safe
2026-02-26 23:29:00,40.05,308.67,30.04,46.8,1,21.8,83.6,7.82,0,1.22,14.823840096495402,Safe
2026-02-26 23:29:00,46.15,319.66,37.61,52.72,1,21.8,83.6,7.82,0,1.22,16.605475403336964,Safe
2026-02-26 23:29:00,47.37,317.7,32.72,47.38,1,21.8,83.6,7.82,0,1.21,15.806585390943695,Safe
2026-02-26 23:30:00,29.06,318.19,37.61,51.78,1,21.8,83.8,7.79,0,1.32,15.932260682733517,Safe
2026-02-26 23:30:00,42.98,312.33,32.23,47.0,1,21.8,84.1,7.73,0,1.26,15.394765367947064,Safe
2026-02-26 23:30:00,40.78,320.63,36.63,51.93,1,21.8,84.7,7.79,0,1.02,16.238329983369805,Safe
2026-02-26 23:30:00,39.07,324.79,37.36,51.9,1,21.7,84.7,7.79,0,1.24,16.18165401314576,Safe
2026-02-26 23:30:00,28.57,313.8,31.26,47.77,1,21.8,84.8,7.73,0,1.02,14.70164113890228,Safe
2026-02-26 23:30:00,48.11,323.57,36.39,56.21,1,21.8,84.9,7.79,0,1.38,16.630704011726856,Safe
2026-02-26 23:30:00,40.78,321.12,36.87,51.6,1,21.8,84.7,7.79,0,1.23,16.329273103498632,Safe
2026-02-26 23:30:00,48.35,320.63,37.85,52.1,1,21.7,84.5,7.79,0,-0.58,16.155613571856257,Safe
2026-02-26 23:30:00,48.6,321.12,37.36,52.04,1,21.7,84.3,7.79,0,1.31,16.43772501390293,Safe
2026-02-26 23:30:00,44.44,320.63,36.63,52.04,1,21.7,84.3,7.79,0,1.26,16.140639799459752,Safe
2026-02-26 23:30:00,33.94,320.39,37.61,51.87,1,21.7,84.2,7.79,0,1.14,15.874243587355922,Safe
2026-02-26 23:31:00,27.35,311.6,33.46,47.62,1,21.7,84.1,8.33,0,1.39,14.795947220588149,Safe
2026-02-26 23:31:00,42.74,314.77,31.5,47.53,1,21.7,84.1,7.99,0,1.2,15.086382398294038,Safe
2026-02-26 23:31:00,41.27,312.82,30.04,44.86,1,21.7,84.9,7.96,0,1.54,14.793991132819686,Safe
2026-02-26 23:31:00,49.82,324.05,37.85,52.13,1,21.7,84.8,7.96,0,1.46,16.699263697265252,Safe
2026-02-26 23:31:00,42.49,323.08,37.36,52.84,1,21.8,84.6,7.96,0,1.12,16.53281929765446,Safe
2026-02-26 23:31:00,48.35,324.79,37.61,51.31,1,21.8,84.8,7.96,0,1.05,16.83364852952172,Safe
2026-02-26 23:31:00,31.99,325.52,38.58,52.51,1,21.8,85.2,7.96,0,1.23,16.42909396601745,Safe
2026-02-26 23:31:00,37.85,309.89,31.26,47.79,1,21.8,85.3,7.96,0,1.61,15.059644271026999,Safe
2026-02-26 23:31:00,44.69,326.74,36.87,50.73,1,21.8,85.8,7.99,0,1.42,16.70776716423998,Safe
2026-02-26 23:31:00,42.74,325.52,36.63,50.64,1,21.9,85.9,7.96,0,1.58,16.86094865245783,Safe
2026-02-26 23:31:00,47.86,322.59,37.85,51.93,1,21.9,85.5,7.96,0,1.34,17.11444417683032,Safe
2026-02-26 23:32:00,43.22,322.1,37.61,52.63,1,21.9,85.0,7.96,0,1.52,16.918551904178866,Safe
2026-02-26 23:32:00,42.49,311.36,33.21,47.18,1,21.9,84.7,7.99,0,1.34,15.824702846874247,Safe
2026-02-26 23:32:00,35.16,322.83,37.85,52.07,1,21.9,84.6,8.51,0,1.19,16.681462485206513,Safe
2026-02-26 23:32:00,46.15,321.61,36.39,51.66,1,21.9,84.4,7.96,0,0.97,16.720524105566515,Safe
2026-02-26 23:32:00,46.64,320.63,36.63,51.9,1,21.9,84.1,7.96,0,0.98,16.74857085426988,Safe
2026-02-26 23:32:00,34.68,309.89,31.75,47.91,1,21.9,83.9,7.99,0,1.58,15.294843063701217,Safe
2026-02-26 23:32:00,50.31,317.7,35.16,52.07,1,21.9,83.8,7.96,0,1.66,16.680950661546042,Safe
